PVALUES	clust2	clust3	clust4	clust6	clust7	clust8	clust9	clust11	clust13	clust15	clust16
HSC_PROG	0.313796784913626	0.267757948209521	0.0808618058099092	0.141305853283293	0.217878324983566	0.180601822743949	0.23104334370984	0.414573878452587	0.14133820426124	0.362350533497779	0.211373741478258
GMP	0.449686520923748	0.237881997146053	0.267145499901189	0.480695466142464	0.32374455205726	0.325305856044012	0.296199430995068	0.285858123759268	0.404908018126475	0.15198529690965	0.146010481853093
MYELOID	0.155601715388251	0.0799738526047422	0.201169945828922	0.136720457435751	0.388846361094957	0.19315826597602	0.261042869206862	0.133468332925566	0.277082970859451	0.0660588853361848	0.312609424446987
HSC_PROG_LIKE	0.0519178795029902	0.245889649967227	0.127248279367566	0.112201297637925	0.054302523861472	0.0736876454494759	0.0433204445431582	0.428143089733066	0.0776917369711039	0.45909975817476	0.0527963909922775
GMP_LIKE	0.417400548168855	0.291108493643887	0.363539842729548	0.473189983853902	0.131340235428911	0.495419479663464	0.292516756450719	0.0854179527596923	0.166755345171978	0.186929501399171	0.347120013024622
MYELOID_LIKE	0.154610586215476	0.121984493135048	0.232431724142912	0.140396268325021	0.30006447106412	0.145897592059809	0.233533051854601	0.110891212937144	0.243265214860146	0.193161203209099	0.313939492430401
