FDR_VALUES	clust2	clust3	clust4	clust6	clust7	clust8	clust9	clust11	clust13	clust15	clust16
HSC_PROG	0.704013435716875	0.35344129093443	0.340199419811398	0.409923273351801	0.461955479453436	0.362805517270885	0.165440042072379	0.91603721499057	0.343451628453924	0.764483762977481	0.436883209004294
GMP	0.949773656992505	0.350338140792534	0.403900416655491	1	0.551558096220026	0.732187859301091	0.19146252524282	0.674852056223625	0.921451427842058	0.373572445619941	0.436883209004294
MYELOID	0.513936329401263	0.350338140792534	0.340199419811398	0.402049060633868	0.690198965139645	0.38160257045064	0.165440042072379	0.426227572094516	0.473146709238026	0.373572445619941	0.481423699030169
HSC_PROG_LIKE	0.38964648963318	0.350338140792534	0.340199419811398	0.365020040068131	0.401858364542719	0.350511818638374	0.159507758384197	0.949465465264195	0.343451628453924	1	0.419919507264157
GMP_LIKE	0.876317088386527	0.392073173476976	0.70200207687045	1	0.446527831590863	1	0.182599797442331	0.361084855627391	0.343451628453924	0.406828895428915	0.543926204251265
MYELOID_LIKE	0.512766449068832	0.350338140792534	0.358506896099005	0.408339478490896	0.520024106113144	0.350511818638374	0.165440042072379	0.392668609702543	0.41308527421824	0.415445381035005	0.483356644069069
