Input_Sample	P-value	Pearson Correlation	RMSE
clust1	0.0020060180541624875	0.9011339189254035	0.553130325323441
clust2	0.010030090270812437	0.7964341073676859	0.7350493656518469
clust3	0.007021063189568706	0.8143992697619858	0.6123454403046223
clust4	0.010030090270812437	0.7972753341573449	0.7337674656195016
clust5	0.0020060180541624875	0.8734109760552913	0.6066333732502625
clust6	0.009027081243731194	0.8018792592827859	0.6389246904377384
clust7	0.10030090270812438	0.6186948174581861	0.9111476830123997
