FDR_VALUES	clust1	clust2	clust3	clust4	clust5	clust6	clust7	clust8	clust9	clust10	clust11	clust12	clust13	clust14	clust15	clust16	clust17
ENDO.	0.444061245113144	0.315529219793386	0.373157417688017	0.421209254289546	0.463113854564009	0.565613958834834	0.932053337359734	0.177697222236801	0.405358371502271	0.508168799122595	0.358915532550209	0.866981655013431	0.380950187646392	0.574659574414986	0.360537676570603	0.409418626168242	0.346075799124033
CAF	0.425294485036941	0.308220220138715	0.482564935267491	0.421209254289546	0.392945740672397	0.380452582506634	0.226562996366441	0.195614272569654	0.851010125006359	0.108926653469592	0.387161931681846	0.349744149402059	0.41226532987707	0.366995443556322	0.517569647310519	0.53191122026146	0.271871646686438
B.CELL	1	1	0.342184649818294	0.46551685036875	0.896181082913452	0.940428742698064	0.932053337359734	0.999773198113321	0.678192007839344	0.508168799122595	0.425912601092831	0.705625068978184	0.690106144473134	0.733213746141361	0.966819163802186	0.679053295819953	1
T.CD4	0.501378895954762	0.308220220138715	0.368470692722483	0.421209254289546	0.70604472642656	0.565613958834834	0.932053337359734	0.17253046608088	0.841868925896278	0.508168799122595	0.44396236117402	0.405977263785866	0.346132893707352	0.509084413349116	0.455153845522731	0.966044103320242	0.443090208091523
T.CD8	0.444061245113144	0.403863014200356	0.622190422774721	0.730808908301826	0.46343456086562	0.565613958834834	0.932053337359734	0.17253046608088	0.786431117040119	0.508168799122595	0.415305199214434	0.622982228154252	0.457548053378085	0.78436943786041	1	0.519469155499257	0.368645798827352
MACROPHAGE	1	0.466546468128739	0.935482625200015	0.709412460727585	1	0.589152992469342	0.932053337359734	0.17253046608088	0.922006767619876	0.508168799122595	0.670062980911418	0.744737692124082	0.624116321050199	0.838365348965248	0.875762498054128	0.916045956325603	0.83950797474623
NK	0.55505699315512	0.722878444089292	0.753583282592422	0.421209254289546	0.581388073663257	0.565613958834834	0.932053337359734	0.960640834872524	0.422551787234365	0.508168799122595	0.635221187553155	0.362733915562087	0.778797553529301	0.695885144588907	0.475583054877185	0.606926909104591	0.346075799124033
T.CELL	0.487606423076969	0.427793843515664	1	0.421209254289546	0.53576951102405	0.565613958834834	0.932053337359734	0.17253046608088	0.769000146050772	0.508168799122595	0.415305199214434	0.517273057541913	0.760568652895536	0.822591527743173	1	0.520109446008501	0.346075799124033
