PVALUES	clust1	clust2	clust3	clust4	clust5	clust6	clust7	clust8	clust9	clust10	clust11	clust12	clust13	clust14	clust15	clust16
TCELL	0.113790198744635	0.0789181428105706	0.231849474763259	0.266964297276159	0.0504368985870059	0.260206297805666	0.112651742698614	0.155961903905842	0.123273641568921	0.0567994504809409	0.0590894256484189	0.220218083620352	0.131631357424875	0.170715640634647	0.239209466523299	0.152901496968825
BCELL	0.465415633298425	0.339498133553346	0.0522055206661368	0.251333434090806	0.452433765587076	0.310563704707864	0.304484355680254	0.164773280697185	0.384885828943321	0.252656954291966	0.493733200919356	0.165932235914235	0.211887568887293	0.161259359879931	0.39135550499747	0.061950622480813
MACROPHAGE	0.237841063838815	0.439215862985086	0.420416541133438	0.497458103229478	0.475987716656517	0.254804247673301	0.218696589847525	0.270403915858567	0.0873282080466484	0.264058123880634	0.14598719930033	0.401211266272323	0.172316098425999	0.449485120378471	0.312225198046618	0.359665535847203
ENDOTHELIAL	0.179197653365501	0.333761252197447	0.40597175378666	0.330700866447092	0.345943861340806	0.172805029158433	0.379793792183801	0.46320922174312	0.25818243646463	0.340336952987001	0.447562999536111	0.47737181896898	0.45138070174927	0.0831752131260249	0.161272680093637	0.34717973493551
CAF	0.138242047028762	0.101128769047193	0.196559763398762	0.0423605321204192	0.143529275701924	0.077708719953873	0.105009778643545	0.0998726780195055	0.289480937021551	0.242986067207603	0.255849891730939	0.0607678377256874	0.136599966570094	0.333725949764864	0.0688615416783054	0.291802155315655
