FDR_VALUES	clust1	clust2	clust3	clust4	clust5	clust6	clust7	clust8	clust9	clust10	clust11	clust12	clust13	clust14	clust15	clust16
TCELL	0.246294170316796	0.416970170400676	0.545965721924362	0.287998519193556	0.433855173806455	0.364045639312708	0.340933166135583	0.287692901144624	0.379232245492257	0.068826874651504	0.421738907162994	0.595719751859965	0.189058853985715	0.413652906981435	0.446293713961631	0.475188785363786
BCELL	1	0.750277302531616	0.433400093353102	0.287998519193556	0.984911877209781	0.364045639312708	0.576305902634309	0.298492370681313	0.75889262885704	0.0854047946342293	1	0.531017296819597	0.309437058841508	0.400971969069003	0.70530228701666	0.410026842910822
MACROPHAGE	0.438843985012974	0.918523582908786	0.773422681557711	0.81470577678473	1	0.364045639312708	0.445024334717054	0.567871253490404	0.360011047264682	0.0913719311060943	0.575281942061606	0.853155834827541	0.208952391425406	1	0.52303693392153	0.652823300954488
ENDOTHELIAL	0.283628144087574	0.742812450611408	0.742664697825746	0.387740670899277	0.859572813740525	0.364045639312708	0.765131717166155	1	0.507337672935915	0.221101406730796	1	1	1	0.344841382676454	0.41665464401723	0.631065904210102
CAF	0.246294170316796	0.453367682459231	0.531716818144333	0.192012872675441	0.633700488692666	0.364045639312708	0.337576283083323	0.279168572160736	0.550406032409524	0.0854047946342293	0.729963322673922	0.40674697206483	0.189058853985715	0.699952030533934	0.395594850737076	0.558335323969749
