FDRQvalue.All	STROMAL	TCELL
clust1	0.014492754	NA
clust2	NA	NA
clust3	NA	NA
clust4	0.6666667	NA
clust5	0.953917	NA
clust6	NA	NA
clust7	0.21973094	0.14798206
clust8	0.07587548	NA
clust9	NA	NA
clust10	0.26903552	NA
