Pvalue.All.mLog	STROMAL	TCELL
clust1	5.62401750708734	NA
clust2	NA	NA
clust3	NA	NA
clust4	0.488352708654675	NA
clust5	0.0948341131420431	NA
clust6	NA	NA
clust7	1.63899675217565	2.99573227355399
clust8	3.25809649802148	NA
clust9	NA	NA
clust10	1.52286987954028	NA
