ORA.Pval.Corrected.cutoff_pos	BCELL	EPITHELIAL	FIBROBLAST	MACROPHAGE	TCELL
clust1	1	0.25	1	1	1
clust2	1	0.00274725274725275	1	1	1
clust3	1	0.25	1	1	1
clust4	1	0.0357142857142858	1	1	1
clust5	1	0.0357142857142858	1	1	1
clust6	1	1	1	1	0.00892857142857143
clust7	NA	NA	NA	NA	NA
