ORA.Pval.Uncorrected.cutoff_pos	BCELL	EPITHELIAL	FIBROBLAST	MACROPHAGE	TCELL
clust1	1	0.05	1	1	1
clust2	1	0.00054945054945055	1	1	1
clust3	1	0.05	1	1	1
clust4	1	0.00714285714285715	1	1	1
clust5	1	0.00714285714285715	1	1	1
clust6	1	1	1	1	0.00178571428571429
clust7	NA	NA	NA	NA	NA
