FDR_VALUES	clust1	clust2	clust3	clust4	clust5	clust6	clust7	clust8	clust9	clust10	clust11	clust12	clust13	clust14	clust15	clust16
OLIGODENDROCYTE	0.794237956574157	0.498336919148649	0.346710646286	0.702132418625392	0.448905484332865	0.435658322522444	0.529598824086892	0.768523246000762	0.86038410730026	0.790808853881527	0.436797221745818	1	0.537619390116538	0.517284556068143	0.305527731590953	0.335373931896895
VASCULAR	0.804359262353951	0.767465307216873	0.698955462746207	0.647231341764661	0.914008147099832	0.435658322522444	0.462513542496466	0.856349546810448	0.720031169148744	0.765997961650914	1	0.497494622828798	0.537619390116538	0.515912526946902	0.378101643569632	1
NEURON	0.935603411051781	0.719860548244109	0.665718227820921	0.71061189799483	0.594374187648174	0.719966857226883	0.364178402977675	0.820349252000725	0.39668549072029	0.848142596016317	1	1	0.537619390116538	0.515912526946902	0.379453154205629	0.335373931896895
IMMUNE	0.401416769953593	0.3746949145767	0.328365634199861	0.59668535659779	0.445754780770559	0.221026258240007	0.364178402977675	0.396961418265931	0.633053250276967	0.395426406473259	0.591143232645881	0.361154211347597	0.537619390116538	0.330606253832942	0.942591365621861	0.335373931896895
OPC	0.602936090210662	0.416150415532239	0.357275438830116	0.402807865303976	0.463623614214418	0.435658322522444	0.364178402977675	0.642489973721057	0.750131116413776	0.72304854469436	0.962578554899273	0.514425847048059	0.370589639758519	0.515912526946902	0.627406959861082	0.335373931896895
ASTOCYTE	0.71871051332297	0.614816821111745	0.480911910175462	0.618586325783636	0.420399295125322	0.469336523186901	0.364178402977675	0.782011573773251	0.694538706224864	0.732620091845644	1	0.36729662742313	0.537619390116538	0.515912526946902	0.306359236491754	0.531102552834684
