PVALUES	clust1	clust2	clust3	clust4	clust5	clust6	clust7	clust8	clust9	clust10	clust11	clust12	clust13	clust14	clust15	clust16
OLIGODENDROCYTE	0.394086718032167	0.194985133499749	0.134544357223467	0.39738866820746	0.226478773519457	0.35811550831873	0.357818523126694	0.362858765962877	0.479742223290606	0.440129794851582	0.0428847290777312	0.445937893886119	0.180420409955648	0.394944919654398	0.101555062593272	0.0834179666160847
VASCULAR	0.403759765849796	0.386900532681226	0.357400080163042	0.349104475966422	0.448060331183503	0.254109740553824	0.33533447356229	0.462556151882078	0.369122345097553	0.410949938934933	0.469127731360135	0.185740155959786	0.263125385146627	0.330007638057455	0.187197996487563	0.496381076411205
NEURON	0.491897079763166	0.365339744383084	0.345308781721025	0.403162553610534	0.344363023014911	0.490652895664688	0.191214503664272	0.431593471009291	0.0366664428442583	0.487098045329498	0.470150589564942	0.446770426190722	0.366779869829748	0.267009201209028	0.188151947673799	0.150781562196529
IMMUNE	0.0387316504230586	0.0650346319545079	0.0827670592789035	0.125407070048003	0.148390218592162	0.0238832378755587	0.221248098064217	0.036140871607588	0.1179846542277	0.030458998478509	0.0804918555002678	0.0922466901983529	0.353946026638194	0.0319539993909412	0.404171656589557	0.168716411633359
OPC	0.115658663868167	0.110232436055064	0.14655889022266	0.0380695831897856	0.248613072667466	0.253638111102498	0.049388044988381	0.108540147058862	0.403890296500593	0.13283274509463	0.396600308309876	0.195089155103719	0.032635314274318	0.358867183630145	0.313138906636084	0.197553329720526
ASTOCYTE	0.286417182252537	0.302725094334268	0.249164904241118	0.305858482251724	0.0498671332414908	0.394422704853349	0.217658927121962	0.385714859382235	0.321344473852207	0.338121981843999	0.479403772400088	0.0984332757118833	0.370627896106981	0.187787155461207	0.10938751809223	0.269291251409787
