	Tirosh_Melanoma	Chung_BC	Li_CRC	JA_Melanoma	Darmanis_GBM	vanGalan_AML	Lambrechts_LC	Peng_PC
scVI	1163.7925865650177	102.5912136554718	106.73845357894898	1556.4728410720825	717.0331054210662	4076.998878479004	5421.214916372299	5526.553592348098
ACTINN	131.54142775535584	22.344872570037843	14.015945863723754	238.71682543754576	99.81291851997375	597.5727744579315	2344.0965400218965	3965.7563210964204
scID	120.6817126274108	45.70230026245118	40.4359757900238	187.08180532455478	108.54329185485838	239.46177182197562	3732.7678206920637	1977.0275064468362
CHETAH	11.6721609592438	7.5033093929290775	6.116769170761108	20.7270098209381	11.172851181030259	60.35290536880494	250.18010597229	141.10358042717
singleR	32.69650416374209	0.865787744522095	0.9084348201751711	165.0616988182068	7.793487596511841	6184.711154603956	19249.566966724382	4307.715460014342
