	Tirosh_Melanoma	Chung_BC	Li_CRC	JA_Melanoma	Darmanis_GBM	vanGalan_AML	Lambrechts_LC	Peng_PC
scVI	12.913899982719037	5.259259202435868	4.130034039017066	256.14101952129676	13.083818059294483	96.92958156511773	319.0113584707244	106.63652836834005
ACTINN	3.621333484396966	1.669402564023381	0.6815129324755977	5.172901056928271	3.9286146593572084	70.64833039795057	37.63349686344263	48.673663835772835
scID	0.9789499155639131	1.4681848567029558	1.5717422896903848	1.7967829318215296	0.7383735380840081	7.44223868569031	17.556874609404648	31.46474895784187
CHETAH	0.18579990211407751	0.8270410055041489	0.06936093353065115	0.18587031794877346	0.7463452467297339	0.5284323799152311	4.281008425071468	1.886451248260976
singleR	0.41992493663365665	0.07938277622163468	0.3220635240047555	3.5489273745072634	0.29737079146076884	428.0707587189539	610.8182795759153	302.4149119408546
