ORA.Pval.Corrected.P0.05.cutoff_pos	ASTOCYTE	IMMUNE	NEOPLASTIC	NEURON	OLIGODENDROCYTE	OPC	VASCULAR
clust1	NS	6.49359813533221e-29	NS	NS	NS	NS	NS
clust2	NS	5.25625108251967e-22	NS	NS	NS	NS	NS
clust3	NS	1.91825582359769e-13	NS	NS	NS	NS	NS
clust4	NS	NS	NS	NS	NS	2.60200377853733e-18	NS
clust5	NS	NS	5.51743934450743e-18	NS	NS	NS	NS
clust6	NS	NS	5.51743934450743e-18	NS	NS	NS	NS
clust7	NS	NS	1.91135515322624e-07	NS	NS	NS	NS
clust8	NS	8.70165184009038e-16	NS	NS	NS	NS	NS
clust9	NS	NS	2.81743291104612e-18	NS	NS	NS	NS
clust10	NS	1.28176328029362e-18	NS	NS	NS	NS	NS
clust11	NS	NS	NS	NS	3.01035073837373e-12	NS	NS
clust12	4.47697074535564e-15	NS	0.00385198088588358	NS	NS	NS	NS
clust13	NS	NS	1.29711036276168e-10	NS	NS	NS	NS
clust14	NS	NS	0.00796731897240281	NS	NS	NS	NS
clust15	NS	NS	0.014149193020705	NS	NS	NS	5.07395455554502e-07
clust16	NS	NS	NS	0.000228654957490674	NS	NS	NS
