ORA.Pval.Uncorrected.cutoff_pos	ASTOCYTE	IMMUNE	NEOPLASTIC	NEURON	OLIGODENDROCYTE	OPC	VASCULAR
clust1	0.962672253514394	9.2765687647603e-30	0.968594519341999	0.998746389317747	1	1	0.997870168432009
clust2	1	7.50893011788524e-23	0.862448341015548	0.997315604926558	1	1	0.999623964786084
clust3	1	2.74036546228241e-14	0.606777899810101	0.987046047495587	1	1	0.997904516264546
clust4	1	0.862762796273641	0.0950541907293479	1	1	3.71714825505333e-19	1
clust5	1	0.787563958290827	7.88205620643919e-19	1	1	1	1
clust6	1	0.787563958290827	7.88205620643919e-19	1	1	1	1
clust7	0.970889861166424	0.646748611378726	2.73050736175177e-08	0.975217276369538	1	0.629082477203464	0.965983816367737
clust8	0.929793621943949	1.24309312001291e-16	0.676963069368928	0.995044660885135	1	1	0.992357243375827
clust9	1	0.971556229255762	4.02490415863732e-19	1	1	0.296788030958925	1
clust10	1	1.83109040041945e-19	0.686721191429549	1	1	1	1
clust11	0.976860906860211	0.717548626782773	0.401124853976231	0.99955946800647	4.30050105481961e-13	0.0771954914851978	0.999195308414325
clust12	6.3956724933652e-16	0.971556229255762	0.00110056596739531	1	0.986250831270228	0.986250831270228	1
clust13	1	0.750432965277607	1.85301480394526e-11	1	1	0.711443592410185	1
clust14	0.78323238538006	0.155298244560561	0.00113818842462897	0.944151828047304	1	1	0.629568008775781
clust15	1	0.969659018740474	0.00404262657734427	0.998123483455356	1	0.955087218694637	7.24850650792145e-08
clust16	0.970889861166424	0.919521196935324	0.32671316599358	3.26649939272391e-05	0.970889861166424	0.17770606004924	1
