ORA.Pval.Uncorrected.cutoff_pos.mLog	BCELL	STROMAL	TCELL
clust1	0.471293585824081	0	0.539932475006452
clust2	0.451985123743058	0	0
clust3	0.451985123743058	0	0
clust4	0.451985123743058	0	0
clust5	NA	NA	NA
clust6	1.39692145369418	0	0
clust7	4.63123659568776	0	0
clust8	NA	NA	NA
clust9	0.917348373432289	0	0
clust10	NA	NA	NA
