ORA.Pval.Uncorrected.cutoff_pos	BCELL	STROMAL	TCELL
clust1	0.624194296911257	1	0.582787603774558
clust2	0.636363636363636	1	1
clust3	0.636363636363636	1	1
clust4	0.636363636363636	1	1
clust5	NA	NA	NA
clust6	0.247357293868922	1	1
clust7	0.00974270386456552	1	1
clust8	NA	NA	NA
clust9	0.399577167019028	1	1
clust10	NA	NA	NA
