PVALUES	clust1	clust2	clust3	clust4	clust5	clust6	clust7
EPITHELIAL	0.191706221190608	0.0377321795488307	0.364490003533985	0.0369970390543041	0.461708743309854	0.0441855078464687	0.0612551974072897
TCELL	0.116350787235492	0.3616278689144	0.277653753829855	0.344517617581435	0.223730134373839	0.293363129198908	0.345947066008198
FIBROBLAST	0.344729260710051	0.368629381077334	0.0536427103510328	0.298126828830702	0.117580514427549	0.447432572686339	0.113941610603126
MACROPHAGE	0.320718229216111	0.318210663551749	0.233707510833568	0.331528709500756	0.0955553502641238	0.437459063978403	0.474863761686678
BCELL	0.115113712147898	0.269169442640673	0.260930032584427	0.336879780382554	0.293429083174057	0.191903695220441	0.497903444288228
