ENRICHMENT	EPITHELIAL	TCELL	FIBROBLAST	MACROPHAGE	BCELL
clust1	-0.307735523037678	-0.447939465052164	0.246111820106281	0.274911052717328	0.594738137920211
clust2	0.717541452524365	-0.677170298365143	-0.664984535243337	-0.754763657899662	-0.848073147202373
clust3	0.0556963791539895	-0.572417335647605	0.903660808465902	-0.664232408542018	-0.606398835043828
clust4	0.752494128043538	-0.659864937287342	-0.743587358433494	-0.682812827011218	-0.673317520114845
clust5	0.179242735731675	-0.1894010104329	-0.373559202866761	0.700974350626742	0.371909371833303
clust6	-0.873561079974852	0.494710861753494	0.244245613881178	0.259625272700329	0.693967722431389
clust7	-0.74216878677237	0.163762582878473	0.541680794502403	-0.0506681075043625	-0.0187817172806282
