FDR_VALUES	clust1	clust2	clust3	clust4	clust5	clust6	clust7
EPITHELIAL	0.378884172782655	0.196483719184295	0.441609618802518	0.0805724471585412	1	0.439992923197666	0.449427378929626
TCELL	0.311756363374662	0.316932243095282	0.184280137539351	0.160309615314073	0.512095366324989	0.661356688146554	0.906242758684086
FIBROBLAST	0.65394479280911	0.316932243095282	0.136671290315822	0.160309615314073	0.375996700476606	0.83076847991742	0.580342529097151
MACROPHAGE	0.592086419802473	0.316932243095282	0.184280137539351	0.160309615314073	0.359757001791561	0.81337538402288	1
BCELL	0.31137811442571	0.316932243095282	0.184280137539351	0.160309615314073	0.634461764615591	0.623533867290233	1
