Pvalue.All	BCELL	FIBROBLAST	MACROPHAGE	TCELL
clust1	NA	0.30476192	0.058524173	0.63957596
clust2	0.5153584	0.5538462	0.18997361	NA
clust3	0.41	NA	0.36	0.5192308
clust4	NA	0.4379562	NA	0.4
clust5	0.6130435	0.023809524	NA	NA
clust6	NA	0.3387978	0.026455026	NA
clust7	NA	0.5638298	0.040880505	0.38367346
