FDR_VALUES	clust1	clust2	clust3	clust4	clust5	clust6	clust7	clust8	clust9	clust10
BCELL	0.331209840189133	0.33573098242876	0.339859741259147	0.84232727800211	0.331452633291747	0.328850039475999	0.329242732093246	0.686848875281357	0.314584156638628	0.35947099556191
TCELL	0.331209840189133	0.33573098242876	0.336234257723397	0.360687842436313	0.331452633291747	0.328850039475999	0.449808471658158	0.311303164354619	0.359436768003541	0.889311005824145
STROMAL	0.331209840189133	0.33573098242876	0.336234257723397	0.311662915149261	0.331452633291747	0.328850039475999	0.339684718329101	0.362393730540611	0.890501754926436	0.314494741807676
